h.group	HaploGroup1	HaploGroup2	HaploGroup3	HaploGroup4	HaploGroup5	HaploGroup6	HaploGroup7	HaploGroup8
HaploGroup1	0	0.296687459544317	0.31592381053597	0.277471485361839	0.0541415319247034	0.104986438025219	0.187307564731475	0.721810602790625
HaploGroup2	0.296687459544317	0	0.0474613533483576	0.561655407752395	0.341634177450863	0.391628897663833	0.471516938390443	0.984423238843671
HaploGroup3	0.31592381053597	0.0474613533483576	0	0.579646420999103	0.360381033893454	0.411055457215663	0.488027943967565	0.99983215834915
HaploGroup4	0.277471485361839	0.561655407752395	0.579646420999103	0	0.309012040693264	0.22919069201335	0.156465654985369	0.46187021171946
HaploGroup5	0.0541415319247034	0.341634177450863	0.360381033893454	0.309012040693264	0	0.150366111548006	0.225078432625749	0.745183583752706
HaploGroup6	0.104986438025219	0.391628897663833	0.411055457215663	0.22919069201335	0.150366111548006	0	0.272344058711232	0.666849606655866
HaploGroup7	0.187307564731475	0.471516938390443	0.488027943967565	0.156465654985369	0.225078432625749	0.272344058711232	0	0.5474027616065
HaploGroup8	0.721810602790625	0.984423238843671	0.99983215834915	0.46187021171946	0.745183583752706	0.666849606655866	0.5474027616065	0
